Workbook

Sheet Raw_Data
A1: Issue_ID | B1: Created_Date | C1: Resolved_Date | D1: Assignee | E1: Milestone | F1: Source | G1: Sprint_ID | H1: Sprint_Start_Date | I1: Sprint_End_Date | J1: Completion_Time | K1: Standardized_Status | L1: Issue_Type | M1: Completion_Flag | N1: Data_Quality_Flag | O1: Planned_Flag | P1: Completed_In_Sprint_Flag | Q1: Carry_Forward_Flag
A2: 36279 | B2: 01-01-2024 | C2: 01-01-2024 | D2: Unassigned | F2: GitHub | G2: Sprint_01 | H2: 01-01-2024 | I2: 14-01-2024 | J2: 0.07 | K2: Done | L2: Bug | M2: 1 | N2: Valid | O2: 1 | P2: 1 | Q2: 0
A3: KAFKA-101 | B3: 01-01-2024 | C3: 05-01-2024 | D3: jdoe | E3: 3.6.0 | F3: Apache | G3: Sprint_01 | H3: 01-01-2024 | I3: 14-01-2024 | J3: 4.21 | K3: Done | L3: Bug | M3: 1 | N3: Valid | O3: 1 | P3: 1 | Q3: 0
A4: 36281 | B4: 01-01-2024 | D4: Unassigned | F4: GitHub | G4: Sprint_01 | H4: 01-01-2024 | I4: 14-01-2024 | K4: To Do | L4: Bug | M4: 0 | N4: Valid | O4: 1 | P4: 0 | Q4: 0
A5: 36283 | B5: 01-01-2024 | D5: Unassigned | F5: GitHub | G5: Sprint_01 | H5: 01-01-2024 | I5: 14-01-2024 | K5: To Do | L5: Other | M5: 0 | N5: Valid | O5: 1 | P5: 0 | Q5: 0
A6: 36284 | B6: 02-01-2024 | D6: Unassigned | F6: GitHub | G6: Sprint_01 | H6: 01-01-2024 | I6: 14-01-2024 | K6: To Do | L6: Other | M6: 0 | N6: Valid | O6: 1 | P6: 0 | Q6: 0
A7: 36288 | B7: 02-01-2024 | D7: Unassigned | F7: GitHub | G7: Sprint_01 | H7: 01-01-2024 | I7: 14-01-2024 | K7: To Do | L7: Other | M7: 0 | N7: Valid | O7: 1 | P7: 0 | Q7: 0
A8: KAFKA-102 | B8: 02-01-2024 | D8: asmith | E8: 3.7.0 | F8: Apache | G8: Sprint_01 | H8: 01-01-2024 | I8: 14-01-2024 | K8: To Do | L8: Feature | M8: 0 | N8: Valid | O8: 1 | P8: 0 | Q8: 0
A9: 36298 | B9: 02-01-2024 | D9: Unassigned | F9: GitHub | G9: Sprint_01 | H9: 01-01-2024 | I9: 14-01-2024 | K9: To Do | L9: Other | M9: 0 | N9: Valid | O9: 1 | P9: 0 | Q9: 0
A10: 36302 | B10: 02-01-2024 | C10: 03-01-2024 | D10: Unassigned | F10: GitHub | G10: Sprint_01 | H10: 01-01-2024 | I10: 14-01-2024 | J10: 0.41 | K10: Done | L10: Other | M10: 1 | N10: Valid | O10: 1 | P10: 1 | Q10: 0
A11: KAFKA-103 | B11: 03-01-2024 | C11: 15-01-2024 | D11: jdoe | E11: 3.6.0 | F11: Apache | G11: Sprint_01 | H11: 01-01-2024 | I11: 14-01-2024 | J11: 12.12 | K11: Done | L11: Tech Debt | M11: 1 | N11: Valid | O11: 1 | P11: 0 | Q11: 1
A12: 36315 | B12: 04-01-2024 | D12: Unassigned | F12: GitHub | G12: Sprint_01 | H12: 01-01-2024 | I12: 14-01-2024 | K12: To Do | L12: Bug | M12: 0 | N12: Valid | O12: 1 | P12: 0 | Q12: 0
A13: KAFKA-104 | B13: 10-01-2024 | C13: 12-01-2024 | D13: asmith | E13: 3.6.0 | F13: Apache | G13: Sprint_01 | H13: 01-01-2024 | I13: 14-01-2024 | J13: 2.08 | K13: In Progress | L13: Bug | M13: 0 | N13: Valid | O13: 1 | P13: 0 | Q13: 0
A14: KAFKA-105 | B14: 15-01-2024 | D14: rjones | E14: 3.7.0 | F14: Apache | G14: Sprint_02 | H14: 15-01-2024 | I14: 28-01-2024 | K14: To Do | L14: Other | M14: 0 | N14: Valid | O14: 1 | P14: 0 | Q14: 0

Sheet Sprint_Summary
A1: Sprint_ID | B1: Total_Issues | C1: Planned_Work | D1: Completed_Work | E1: Completed_In_Sprint | F1: Spillover | G1: Validation_Check
A2: Sprint_01 | B2: =COUNTIF(tbl_issues[Sprint_ID], A2) | C2: =SUMIFS(tbl_issues[Planned_Flag], tbl_issues[Sprint_ID], A2) | D2: =SUMIFS(tbl_issues[Completion_Flag], tbl_issues[Sprint_ID], A2) | E2: =SUMIFS(tbl_issues[Completed_In_Sprint_Flag], tbl_issues[Sprint_ID], A2) | F2: =SUMIFS(tbl_issues[Carry_Forward_Flag], tbl_issues[Sprint_ID], A2) | G2: =IF(E2<=C2, "OK", "Error")
A3: Sprint_02 | B3: =COUNTIF(tbl_issues[Sprint_ID], A3) | C3: =SUMIFS(tbl_issues[Planned_Flag], tbl_issues[Sprint_ID], A3) | D3: =SUMIFS(tbl_issues[Completion_Flag], tbl_issues[Sprint_ID], A3) | E3: =SUMIFS(tbl_issues[Completed_In_Sprint_Flag], tbl_issues[Sprint_ID], A3) | F3: =SUMIFS(tbl_issues[Carry_Forward_Flag], tbl_issues[Sprint_ID], A3) | G3: =IF(E3<=C3, "OK", "Error")

Sheet Metrics_Calculation
A1: Sprint_ID | B1: Commitment_Reliability | C1: Spillover_Rate | D1: Risk_Severity | E1: Data_Strength_Flag | F1: Adjusted_Risk_Label
A2: Sprint_01 | B2: =ROUND(IF(Sprint_Summary!C2=0, 0, Sprint_Summary!E2/Sprint_Summary!C2), 2) | C2: =ROUND(IF(Sprint_Summary!B2=0, 0, Sprint_Summary!F2/Sprint_Summary!B2), 2) | D2: =IF(B2<0.4, "Critical", IF(B2<0.6, "High", IF(B2<0.8, "Moderate", "Low"))) | E2: =IF(Sprint_Summary!C2<5, "Low Confidence", "Reliable") | F2: =IF(E2="Low Confidence", "Uncertain (Low Confidence)", D2 & " (High Confidence)")
A3: Sprint_02 | B3: =ROUND(IF(Sprint_Summary!C3=0, 0, Sprint_Summary!E3/Sprint_Summary!C3), 2) | C3: =ROUND(IF(Sprint_Summary!B3=0, 0, Sprint_Summary!F3/Sprint_Summary!B3), 2) | D3: =IF(B3<0.4, "Critical", IF(B3<0.6, "High", IF(B3<0.8, "Moderate", "Low"))) | E3: =IF(Sprint_Summary!C3<5, "Low Confidence", "Reliable") | F3: =IF(E3="Low Confidence", "Uncertain (Low Confidence)", D3 & " (High Confidence)")

Sheet Dashboard_Base
A1: ELITE ANALYTICS: DELIVERY RISK FRAMEWORK
A3: Sprint Performance Table | F3: Executive Summary
A5: Sprint_01 | B5: =ROUND(Metrics_Calculation!B2, 2) | C5: =ROUND(Metrics_Calculation!C2, 2) | D5: =Metrics_Calculation!F2 | F5: Weighted Avg Commitment | G5: =ROUND(SUMIFS(Sprint_Summary!E2:E3, Metrics_Calculation!E2:E3, "Reliable") / MAX(1, SUMIFS(Sprint_Summary!C2:C3, Metrics_Calculation!E2:E3, "Reliable")), 2)
A6: Sprint_02 | B6: =ROUND(Metrics_Calculation!B3, 2) | C6: =ROUND(Metrics_Calculation!C3, 2) | D6: =Metrics_Calculation!F3 | F6: Weighted Avg Spillover | G6: =ROUND(SUMIFS(Sprint_Summary!F2:F3, Metrics_Calculation!E2:E3, "Reliable") / MAX(1, SUMIFS(Sprint_Summary!B2:B3, Metrics_Calculation!E2:E3, "Reliable")), 2)
F7: High Risk Sprint Count | G7: =COUNTIFS(Metrics_Calculation!E2:E3, "Reliable", Metrics_Calculation!D2:D3, "Critical")
F8: Worst Reliable Sprint | G8: =INDEX(Metrics_Calculation!A2:A3, MATCH(1, (Metrics_Calculation!B2:B3=MINIFS(Metrics_Calculation!B2:B3, Metrics_Calculation!E2:E3, "Reliable")) * (Metrics_Calculation!E2:E3="Reliable"), 0))
F9: Trend (Reliable Data Only) | G9: =IF(COUNTIF(Metrics_Calculation!E2:E3, "Reliable")<3, "Insufficient Data", "Requires Analysis")
F10: Error Count | G10: =COUNTIF(Sprint_Summary!G2:G3, "Error")
A13: Key Insight:
A14: Reliable sprint data indicates critically low delivery predictability, suggesting systemic overcommitment and poor execution discipline.
A16: Recommended Actions:
A17: * Reduce sprint scope by 20–30%
A18: * Limit concurrent work (WIP)
A19: * Introduce mid-sprint progress tracking
